State,District,AssessmentUnit,Rainfall_mm,GroundWaterAvailability_ham,ExtractionStage_Percent,ExtractionVolume_ha_m
ANDAMAN AND NICOBAR ISLANDS,N & M ANDAMAN,,0,14875.419999999998,,
ANDAMAN AND NICOBAR ISLANDS,NICOBAR,,0,9911.130000000001,,
ANDAMAN AND NICOBAR ISLANDS,SOUTH ANDAMAN,,0,9717.960000000001,,
ANDHRA PRADESH,Alluri Sitharama Raju,,0,50117.560000000005,,
ANDHRA PRADESH,Anakapalli,,1205.7473777133002,1317238.5100000002,28.459971549454217,1097.549568
ANDHRA PRADESH,Ananthapuramu,,514.4061897518113,119813.93,29.079141064103236,851.04
ANDHRA PRADESH,Annamayya,,731.5034296205848,84922.95999999999,40.83254584951143,612.4663499999999
ANDHRA PRADESH,Bapatla,,811.1236974916511,791030.5099999999,26.24357900511273,2056.1748487500004
ANDHRA PRADESH,Chittoor,,1067.8172783371226,3304105.86,63.32206133879959,39.105643
ANDHRA PRADESH,East Godavari,,1168.3393487619032,107239.03,26.000971341192013,942.2500404
ANDHRA PRADESH,Eluru,,1047.4828962612285,4436043,16.163483957433474,3324.9485750000003
ANDHRA PRADESH,Guntur,,905.4088376458715,476056.55,21.08589644825269,2583.24006365
ANDHRA PRADESH,Kakinada,,1053.2808228816011,108765.89,16.315935758725697,1604.5551839999996
ANDHRA PRADESH,Konaseema,,1258.0160230228164,102277.33000000002,10.513923271168693,1310.2349519999998
ANDHRA PRADESH,Krishna,,1019.9986212313829,1202040.29,32.01151885743097,2032.9382120999996
ANDHRA PRADESH,Kurnool,,615.6851630437392,64668.8,25.786028736145024,1631.2988434999997
ANDHRA PRADESH,NTR,,1035.19988508195,69639.44,35.04017915972585,2351.1741952499997
ANDHRA PRADESH,Nandyal,,736.4318430136167,101057.79999999999,9.479823069659867,368.516
ANDHRA PRADESH,Palnadu,,774.3071773339465,1629099.07,29.50886559834831,3519.5285892
ANDHRA PRADESH,Parvathipuram Manyam,,1140.308129528414,89208.17000000001,16.703267255152983,308.65885950000006
ANDHRA PRADESH,Prakasam,,789.3013742124677,5636652.879999999,47.92526533558419,1306.5944906
ANDHRA PRADESH,Sri Potti Sriramulu Nellore,,1081.2996762472312,1909264.4400000004,24.393414067374913,3914.5527360000006
ANDHRA PRADESH,Sri Sathya Sai,,0,2107639.98,,
ANDHRA PRADESH,Srikakulam,,1121.895615849359,95773.56,21.180504651225696,1851.3416432
ANDHRA PRADESH,Tirupati,,1155.5085012618179,3823454.07,39.58442308937744,173.86136800000003
ANDHRA PRADESH,Visakhapatnam,,0,760984.7999999999,,
ANDHRA PRADESH,Vizianagaram,,1090.9372952530848,2144868.45,16.192965269417076,516.9
ANDHRA PRADESH,West Godavari,,1138.5102896595713,49242.549999999996,7.871373808839549,781.1495009999999
ANDHRA PRADESH,Y.S.R Kadapa,,679.8251512085089,7759084.25,33.078386584025175,5407.1045
ARUNACHAL PRADESH,ANJAW,,0,0,,
ARUNACHAL PRADESH,CHANGLANG,,0,27096.75,,
ARUNACHAL PRADESH,DIBANG VALLEY,,0,0,,
ARUNACHAL PRADESH,EAST KAMENG,,0,15809.36,,
ARUNACHAL PRADESH,EAST SIANG,,0,71985,,
ARUNACHAL PRADESH,KURUNG KUMEY,,0,0,,
ARUNACHAL PRADESH,LOHIT,,0,109376.97,,
ARUNACHAL PRADESH,LOWER DIBANG VALLEY,,0,71662.94,,
ARUNACHAL PRADESH,LOWER SUBANSIRI,,0,4485.54,,
ARUNACHAL PRADESH,PAPUM PARE,,0,9593.23,,
ARUNACHAL PRADESH,TAWANG,,0,0,,
ARUNACHAL PRADESH,TIRAP,,0,7802.07,,
ARUNACHAL PRADESH,UPPER SIANG,,0,0,,
ARUNACHAL PRADESH,UPPER SUBANSIRI,,0,2429.81,,
ARUNACHAL PRADESH,WEST KAMENG,,0,3017.0399999999995,,
ARUNACHAL PRADESH,WEST SIANG,,0,5579.64,,
ASSAM,BAKSA,,0,1923609.25,,
ASSAM,BARPETA,,0,794993.55,,
ASSAM,BONGAIGAON,,0,588448.38,,
ASSAM,CACHAR,,0,430872.10000000003,,
ASSAM,CHIRANG,,0,1505228.5,,
ASSAM,DARRANG,,0,1291509.46,,
ASSAM,DHEMAJI,,0,3749087.41,,
ASSAM,DHUBRI,,0,724827.5499999998,,
ASSAM,DIBRUGARH,,0,3975546.6399999997,,
ASSAM,DIMA HASAO,,0,408002.77999999997,,
ASSAM,GOALPARA,,0,1009857.7799999999,,
ASSAM,GOLAGHAT,,0,918932.07,,
ASSAM,HAILAKANDI,,0,168413.31,,
ASSAM,JORHAT,,0,1986498.44,,
ASSAM,KAMRUP,,0,1529888.11,,
ASSAM,KAMRUP (M),,0,704912.51,,
ASSAM,KARBI ANGLONG,,0,1930275.6500000001,,
ASSAM,KARIMGANJ,,0,274681.64,,
ASSAM,KOKRAJHAR,,0,1518974.17,,
ASSAM,LAKHIMPUR,,0,528691.68,,
ASSAM,MORIGAON,,0,1223258.21,,
ASSAM,NAGAON,,0,1296725.43,,
ASSAM,NALBARI,,0,619360.22,,
ASSAM,SIBSAGAR,,0,1259376.05,,
ASSAM,SONITPUR,,0,6041272.750000001,,
ASSAM,TINSUKIA,,0,1961714.75,,
ASSAM,UDALGURI,,0,1549239.62,,
BIHAR,ARARIA,,1632.2,141181.71,13.428585872785929,5911.033380000001
BIHAR,ARWAL,,874.4000000000001,19075.190000000002,54.48078076380115,2580.258365
BIHAR,AURANGABAD,,974.9,118753.70999999999,30.09986578685957,9451.498705
BIHAR,BANKA,,974.9,65462.85999999999,50.33765748651793,5194.730005
BIHAR,BEGUSARAI,,1090.7,50653.359999999986,3.37538601489,0
BIHAR,BHAGALPUR,,1207.8999999999999,72112.64,49.15454915454916,1440.61631
BIHAR,BHOJPUR,,1051.5,80491.84,36.48310883376855,4579.962694999999
BIHAR,BUXAR,,975.4,58367.22,37.220100736470016,3929.6056219999996
BIHAR,DARBHANGA,,1123.6,70422.18000000001,19.63463119791799,432.79145
BIHAR,EAST CHAMPARAN,,1197.7000000000003,176663.16999999998,39.31986981119932,15229.902344999997
BIHAR,GAYA,,1003.9000000000002,121604.75000000001,58.255109710654374,5243.648399999999
BIHAR,GOPALGANJ,,1135.5,95682.65,46.63015051617889,8663.306025
BIHAR,JAMUI,,1107.3,45012.36,108.30453711521102,6483.486239999999
BIHAR,JEHANABAD,,936.6000000000001,31147.61,59.303737190079595,2851.675649999999
BIHAR,KAIMUR,,1126.3,74653.62,38.81882181838847,5061.866354999999
BIHAR,KATIHAR,,1342.7000000000003,109422.23999999999,20.331417334940554,1599.45555
BIHAR,KHAGARIA,,0,44158.22,,
BIHAR,KISHANGANJ,,0,62664.799999999996,,
BIHAR,LAKHISARAI,,1146.8,38763.27,33.946717783733305,3390.4171099999994
BIHAR,MADHEPURA,,1392.7,98038.44,32.74892508963882,7573.0937300000005
BIHAR,MADHUBANI,,1293.3,130736.80000000002,42.438534231602645,7999.217724999999
BIHAR,MUNGER,,1146.7999999999997,37833.56999999999,42.27675716487164,3114.8238599999995
BIHAR,MUZAFFARPUR,,1154.4999999999998,111162.45000000001,49.44239779698455,8456.27477
BIHAR,NALANDA,,1002.1999999999999,62276.35999999999,43.52812738736023,682.48138
BIHAR,NAWADA,,1041.8,65961.42,62.04835324363272,4571.282921999999
BIHAR,PATNA,,1074.8,98029.81,47.18349674595141,4496.453615
BIHAR,PURNEA,,1598.1999999999998,153922.22999999998,27.37649777022983,8773.87073
BIHAR,ROHTAS,,949.1,114671.23999999999,31.89137135100285,7274.714917
BIHAR,SAHARSA,,1692.8999999999996,63348.59,37.597350243793315,5612.488784
BIHAR,SAMASTIPUR,,1192.3,79957.99999999999,12.64529407981182,0
BIHAR,SARAN,,1123.7999999999997,100795.6,40.36431765961147,11638.903773999999
BIHAR,SHEIKHPURA,,1008.4000000000001,16973.15,39.8718316514226,593.626145
BIHAR,SHEOHAR,,1293.1000000000001,16443.370000000003,67.7932516796203,2383.62885
BIHAR,SITAMARHI,,0,65866.83,,
BIHAR,SIWAN,,1135.4,96578.65,44.842082617204085,11107.79242
BIHAR,SUPAUL,,1273.7999999999997,101447.59,21.48833145627977,7041.398521999999
BIHAR,VAISHALI,,1176.5,72896.53,49.66813525210099,4428.965649000001
BIHAR,WEST CHAMPARAN,,1472,168862.7,27.229350567795386,10880.611090999997
CHANDIGARH,CHANDIGARH,,0,4786.58,,
CHHATTISGARH,BALOD,,1122.9,85005.82999999999,81.43554906653819,776.3812800000001
CHHATTISGARH,BALODA BAZAR,,1389.9367175722618,137045.7,33.337147208485284,1844.06541
CHHATTISGARH,BALRAMPUR,,1317,150836.07,22.71420271405469,60.98930999999999
CHHATTISGARH,BASTAR,,1362.6,97749.93000000001,11.742340073574796,34.006319999999995
CHHATTISGARH,BEMETARA,,1122.9,94897.17,82.18365209655674,472.0763999999999
CHHATTISGARH,BIJAPUR,,1528.1,134614.77000000002,4.284248332478194,0.13359
CHHATTISGARH,BILASPUR,,1103.2636540769722,105340.08,36.90433062959265,825.1788599999999
CHHATTISGARH,DANTEWADA,,1327.8999999999999,84007.62,0.19480519480519481,0.12044999999999999
CHHATTISGARH,DHAMTARI,,1385.3,108776.34000000001,69.42656720620764,697.51281
CHHATTISGARH,DURG,,1122.9,82247.44,54.86649807827669,529.94277
CHHATTISGARH,GARIABAND,,1385.3000000000002,82636.62,65.43206509929107,302.7675
CHHATTISGARH,GOURELA-PENDRA-MARWAHI,,1229.8,43248.34999999999,26.017209518518943,75.1827
CHHATTISGARH,JANJGIR-CHAMPA,,1386,84373.59999999999,14.686183650277831,1367.18415
CHHATTISGARH,JASHPUR,,1553.4173181710496,117519.59000000001,18.438898537773582,40.83912
CHHATTISGARH,KABIRDHAM,,1117,142351.95,24.58691304659755,205.88408999999996
CHHATTISGARH,KANKER,,1402.9209756980586,183681.85,11.186460438364682,62.016420000000004
CHHATTISGARH,KHAIRAGARH-CHHUIKHADAN_GANDAI,,1208.7,45246.79,41.10791012067235,142.95006
CHHATTISGARH,KONDAGAON,,1362.4,104731.24,76.8461404056823,52.341
CHHATTISGARH,KORBA,,1392,126562.06999999998,50.53884346783535,34.76187
CHHATTISGARH,KOREA,,1317,27701.850000000002,24.973786929590368,43.46055
CHHATTISGARH,MAHASAMUND,,1397.6869671948225,177026.72,36.65468262951105,352.23303
CHHATTISGARH,MANENDRAGARH-CHIRMIRI_BHARATPUR,,1317,108126.44,29.521103509579515,35.699189999999994
CHHATTISGARH,MOHLA-MANPUR_AMBAGARHCHOWKI,,1208.7,44681,92.14923955422526,29.937299999999997
CHHATTISGARH,MUNGELI,,1351,54772.09999999999,25.08465836447245,456.7485899999999
CHHATTISGARH,NARAYANPUR,,1404.1,94243.31999999999,7.295437777739649,7.31898
CHHATTISGARH,RAIGARH,,1466,110109.42,16.90561977681029,115.59914999999998
CHHATTISGARH,RAIPUR,,1378.2569290358279,100472.01,46.93993686518527,1048.23693
CHHATTISGARH,RAJNANDGAON,,1208.7,84190.33999999998,66.02054812001434,302.82006
CHHATTISGARH,SAKTI,,1386,58227.060000000005,31.763212641125737,808.01802
CHHATTISGARH,SARANGARH-BILAIRAGH,,1384.8541965052993,64973.16,11.659734961467189,317.60913000000005
CHHATTISGARH,SUKMA,,1403.3989813242783,145607.64,0.4613710554951034,1.06872
CHHATTISGARH,SURAJPUR,,1228.710542365498,86541.17999999998,57.794375619345715,112.38203999999999
CHHATTISGARH,SURGUJA,,1389.229706728709,117738.27,38.15165478625765,203.232
DADRA AND NAGAR HAVELI,DADRA NAGAR HAVELI,,2265.7000000000003,9095.779999999999,12.778235582716885,257.85
DAMAN AND DIU,DAMAN,,2275,2409.83,60.30425382703345,731.134566
DAMAN AND DIU,DIU,,923,177.48,52.59747577191797,28.45029
DELHI,CENTRAL,,0,2310.29,,
DELHI,EAST,,0,1501.49,,
DELHI,NAZUL LAND,,0,514.28,,
DELHI,NEW DELHI,,0,2726.0699999999997,,
DELHI,NORTH,,0,4252.0599999999995,,
DELHI,NORTH EAST,,0,1632.23,,
DELHI,NORTH WEST,,0,3486.13,,
DELHI,SHAHDARA,,0,1485.55,,
DELHI,SOUTH,,0,4074.53,,
DELHI,SOUTH EAST,,0,2397.71,,
DELHI,SOUTH WEST,,0,6641.8099999999995,,
DELHI,WEST,,0,3535,,
GOA,GOA NORTH,,3407.864405735409,13196.35,16.479114387285655,288.35122275000003
GOA,SOUTH GOA,,3412.9789982506213,17304.989999999998,13.803406169090044,203.23433599999998
GUJARAT,AHMEDABAD,,740.6952661879233,42258.26,82.75939425806932,6896.910320817563
GUJARAT,AMRELI,,731.2230239672564,144664.55,57.30845601081951,1216.9795404682263
GUJARAT,ANAND,,871.61872192178,110794.73999999999,29.439854274670445,3626.228690086694
GUJARAT,ARVALLI,,900.7735204687687,86429.06,43.99189346731296,2089.1199630816927
GUJARAT,BANASKANTHA,,761.4791955385194,118909.66,121.47205702211244,4343.006992845639
GUJARAT,BHARUCH,,827.2945037366014,63557.66,27.25361506386484,1857.2864254002927
GUJARAT,BHAVNAGAR,,672.2708352493528,106253.72,44.89383524642713,3237.45063015925
GUJARAT,BOTAD,,712.1873527632814,43035.490000000005,57.26536400538252,919.7673018737196
GUJARAT,CHHOTA UDEPUR,,1118.5761612363217,56983.89,45.353713128394716,2264.803197983662
GUJARAT,DAHOD,,724.1545317554293,34036.87,40.733592718719436,2360.333075762631
GUJARAT,DANG,,2388.385835099386,31191.339999999997,12.682526624377152,502.85300325243486
GUJARAT,DEVBHUMI DWARKA,,937.1143847195049,43593.3,70.32298541289602,1600.1193253941783
GUJARAT,GANDHINAGAR,,794.8286971662835,57791.12,111.27860127991984,1365
GUJARAT,GIR SOMNATH,,1109.2631539757315,70296.45999999999,49.047548055762704,3032.2028911002762
GUJARAT,JAMNAGAR,,806.897198247494,130650.95999999999,43.621240900181675,2453.5533316424335
GUJARAT,JUNAGADH,,1191.65176741303,150807.86,47.41471697827953,3197.183617243464
GUJARAT,KACHCHH,,561.0764367649773,89915.85999999999,51.79012912738643,1107.0916791381958
GUJARAT,KHEDA,,872.2679907135799,79362.14,41.40474286605679,2919.857816737749
GUJARAT,MAHESANA,,760.57159030549,74550.70000000001,108.74353963141859,1463.8468002948289
GUJARAT,MAHISAGAR,,751.5878413953664,30719.91,50.53530430264932,917.7063178855996
GUJARAT,MORBI,,653.023686019774,67620.3,51.74786269803594,1488.0102244442
GUJARAT,NARMADA,,1122.704494102334,38657.36,66.84933994457975,552.6741975353334
GUJARAT,NAVSARI,,1894.6411272609266,77165.39,31.098540420776725,2711.807333928519
GUJARAT,PANCHMAHAL,,912.0972931895716,54298.10999999999,27.048031690237472,1563.741613401101
GUJARAT,PATAN,,812.7893343659163,37610.31,118.57363047526066,938.1960947537009
GUJARAT,PORBANDAR,,854.1054830377232,21446.52,56.536072052715305,527.1731370846077
GUJARAT,RAJKOT,,813.229033260049,169025.48,65.88786495385193,2596.2805104261797
GUJARAT,RANA AND KUTCH,,0,0,,
GUJARAT,SABARKANTHA,,919.2909244799047,76631.54,75.3188308625926,2083.8150115227677
GUJARAT,SURAT,,1579.3955917259693,134748.37,42.106401732354904,19560.118748387526
GUJARAT,SURENDRANAGAR,,612.2503187773877,75679.81000000001,51.7569481213021,1292.529175694963
GUJARAT,TAPI,,1484.2740874851677,71235.26999999999,37.09046094722461,509.9787807619914
GUJARAT,VADODARA,,897.5771420857637,101350.31000000001,66.52798595287966,6680.572269126986
GUJARAT,VALSAD,,2487.498485634224,69397.12,31.294583982735887,4441.5592361916915
HARYANA,AMBALA,,1065.56151208585,38743.100000000006,130.15858307672846,7008.68
HARYANA,BHIWANI,,426.2299999999999,39084.92,110.89706720648272,2047.6
HARYANA,CHARKHI DADRI,,434.2424178503247,17419.14,139.58944012161334,1253.5
HARYANA,FARIDABAD,,683.2010658368391,13642.380000000001,175.37541103531788,4449.75
HARYANA,FATEHABAD,,298.3672284630935,59223.82,177.8991628706152,2002.1399999999999
HARYANA,GURGAON,,564.7243768788898,22591.43,194.59587108916966,5191.761
HARYANA,HISAR,,476.37679256437633,66085.71,72.71178595191003,366.2
HARYANA,JHAJJAR,,584.3868914069483,45688.38,49.599372969669744,450.63000000000005
HARYANA,JIND,,439.08641407123616,68244.35,116.25009249849987,1474.8000000000002
HARYANA,KAITHAL,,493.4044820655019,41841.37,196.95600311366474,3400.8920000000003
HARYANA,KARNAL,,649.836791411872,105936.45999999999,173.5349944674383,8227.47
HARYANA,KURUKSHETRA,,624.2399999999999,37850.67,225.5356642299859,4220
HARYANA,MAHENDRAGARH,,338.64685533912075,19806.379999999997,156.85370067624675,4977.119999999999
HARYANA,MEWAT,,537.9379164138426,17417.06,72.31318029564116,2078.9800000000005
HARYANA,PALWAL,,499.74629213654384,40387.350000000006,91.98897674643175,2282.83
HARYANA,PANCHKULA,,1379,13446,62.060612821657,1143.1799999999998
HARYANA,PANIPAT,,481.2604140283553,47360.25,217.83774367745102,2501.1800000000003
HARYANA,REWARI,,550.0000000000001,26482.73,133.17169340169988,2224.8199999999997
HARYANA,ROHTAK,,494.53289230410473,32903.049999999996,48.794473460667014,553.75
HARYANA,SIRSA,,343.99,60874.51,159.7200700260257,2346.38
HARYANA,SONIPAT,,488.23066790377464,62183.27,108.73009733968637,8951.354
HARYANA,YAMUNA NAGAR,,900.9999999999999,52900.48,133.1876383730355,5072.96
HIMACHAL PRADESH,BLS,,,,,
HIMACHAL PRADESH,CHM,,,,,
HIMACHAL PRADESH,HMP,,,,,
HIMACHAL PRADESH,KIN,,,,,
HIMACHAL PRADESH,KNG,,0,50943.8,,
HIMACHAL PRADESH,KUL,,,,,
HIMACHAL PRADESH,LAS,,,,,
HIMACHAL PRADESH,MND,,0,6960.5,,
HIMACHAL PRADESH,SHM,,,,,
HIMACHAL PRADESH,SLN,,0,14312.369999999999,,
HIMACHAL PRADESH,SRM,,0,9484.06,,
HIMACHAL PRADESH,UNA,,0,19473.329999999998,,
JAMMU AND KASHMIR,Anantnag,,967.4000000000002,129111.45999999999,17.87004592840048,652.24
JAMMU AND KASHMIR,Bandipora,,0,91653.34000000001,,
JAMMU AND KASHMIR,Baramulla,,0,155897.37,,
JAMMU AND KASHMIR,Barmulla,,0,0,,
JAMMU AND KASHMIR,Budgam,,0,80157.88999999998,,
JAMMU AND KASHMIR,Doda,,0,935.94,,
JAMMU AND KASHMIR,Ganderbal,,0,16504.719999999998,,
JAMMU AND KASHMIR,Jammu,,1361.1999999999998,1213040.8200000003,41.280890501831855,4101.4259999999995
JAMMU AND KASHMIR,Kathua,,1871.7,717022.1699999999,38.07561505843862,1750.9409999999998
JAMMU AND KASHMIR,Kishtwar,,0,3618.3599999999997,,
JAMMU AND KASHMIR,Kulgam,,0,55990.869999999995,,
JAMMU AND KASHMIR,Kupwara,,0,0,,
JAMMU AND KASHMIR,Kupwarar,,0,46500.04000000001,,
JAMMU AND KASHMIR,Mirpur,,0,0,,
JAMMU AND KASHMIR,Muzaffarabad,,0,0,,
JAMMU AND KASHMIR,Poonch,,0,33084,,
JAMMU AND KASHMIR,Pulwama,,0,91509.61000000002,,
JAMMU AND KASHMIR,Rajouri,,1188.4,232737.14999999997,28.04470155459915,343
JAMMU AND KASHMIR,Ramban,,0,2105.9,,
JAMMU AND KASHMIR,Reasi,,2188.9999999999995,84988.54,31.338376094585847,183.951
JAMMU AND KASHMIR,Samba,,1043.5,625312.96,29.287037909482084,613.17
JAMMU AND KASHMIR,Shopian,,0,66918.87000000001,,
JAMMU AND KASHMIR,Srinagar,,0,127683.16,,
JAMMU AND KASHMIR,Srinagar Hilly Area,,0,0,,
JAMMU AND KASHMIR,Udhampur,,1632.2,146144.54,15.593941058585365,306.585
JHARKHAND,BOKARO,,0,140014.19,0,0
JHARKHAND,CHATRA,,0,174842.96999999997,0,0
JHARKHAND,DEOGHAR,,0,103778.95000000001,0,0
JHARKHAND,DHANBAD,,0,115711.59000000001,0,0
JHARKHAND,DUMKA,,0,162361.04999999996,0,0
JHARKHAND,EAST SINGHBHUM,,0,164646.44,0,0
JHARKHAND,GARHWA,,0,158836.24000000002,0,0
JHARKHAND,GIRIDIH,,0,227761.74000000002,0,0
JHARKHAND,GODDA,,0,96893.82,0,0
JHARKHAND,GUMLA,,0,242568.30999999994,0,0
JHARKHAND,HAZARIBAGH,,0,188586.38999999998,0,0
JHARKHAND,JAMTARA,,0,53128.99999999999,,
JHARKHAND,KHUNTI,,0,97798.45,0,0
JHARKHAND,KODERMA,,0,50501.33,,
JHARKHAND,LATEHAR,,0,126063.68999999999,0,0
JHARKHAND,LOHARDAGA,,0,100976.49,0,0
JHARKHAND,PAKUR,,0,83601.86,0,0
JHARKHAND,PALAMAU,,0,185132.30000000002,0,0
JHARKHAND,RAMGARH,,0,62295.759999999995,0,0
JHARKHAND,RANCHI,,0,212649.87999999998,0,0
JHARKHAND,SAHEBGANJ,,0,188121.47,0,0
JHARKHAND,SARAIKELA KHARSAWAN,,0,141015.25,0,0
JHARKHAND,SIMDEGA,,0,167693.27000000002,0,0
JHARKHAND,WEST SINGHBHUM,,0,295217.2,0,0
KARNATAKA,Bagalkot,,706.3056447347839,61670.25999999999,41.15003152871346,2241.4468229999998
KARNATAKA,Ballari,,609.1701150059514,65556.34,17.442441362041215,1336.1566679999996
KARNATAKA,Belagavi,,564.4111257830696,107484.71,57.75256168208951,4460.651020499999
KARNATAKA,Bengaluru (Rural),,0,16810.69,,
KARNATAKA,Bengaluru (Urban),,0,30838.84,,
KARNATAKA,Bengaluru South,,839.838527259654,49111.96,132.0698758894462,159.10613894999997
KARNATAKA,Bidar,,868.945782917355,34195.2,66.80062655253707,437.16123
KARNATAKA,Chamarajanagara,,1215.6250596628574,36078.7,71.38633986737582,863.7693975
KARNATAKA,Chikkaballapura,,0,30753.830000000005,,
KARNATAKA,Chikkamagaluru,,923.3,61354.83999999999,15.841707118212103,72.5221785
KARNATAKA,Chitradurga,,517,39321.35,159.61777319490992,199.23459300000002
KARNATAKA,Dakshina Kannada,,0,65995.09000000001,,
KARNATAKA,Davanagere,,743.280655561526,57795.009999999995,50.051022384243204,2371.852125
KARNATAKA,Dharwad,,764.6804908122429,29761.869999999995,62.7401486467536,291.957222
KARNATAKA,Gadag,,696.5247615284754,32552.469999999994,51.26808955550813,381.32280000000003
KARNATAKA,Hassan,,845.9980569617016,79141.3,41.654751852152145,221.41140900000002
KARNATAKA,Haveri,,764.685196618262,56981.40999999999,48.56032152508855,684.9953634900002
KARNATAKA,Kalburgi,,810.1471743431152,67425.4,36.265848550366854,1601.1310094999997
KARNATAKA,Kodagu,,962.7799999999999,21292.87,61.05722404634958,12.1062105
KARNATAKA,Kolara,,0,33032.75,,
KARNATAKA,Koppal,,607.2701576575598,59856.23,29.01651676500501,1441.252359
KARNATAKA,Mandya,,741.358920253094,63131.17,48.81733991306773,2736.735471
KARNATAKA,Mysuru,,787.6996216817964,66020.40000000001,33.34023908662998,1160.5779202749998
KARNATAKA,Raichur,,579.5355053469285,78483.52,32.3100035121082,1915.5188685000003
KARNATAKA,Shivamogga,,793.1825617619447,98115.07,19.193598644890475,207.9314115
KARNATAKA,Tumakuru,,796.0283372990942,76499.82,40.638646479801984,1436.573862
KARNATAKA,Udupi,,0,49289.94,,
KARNATAKA,Uttara Kannada,,0,83772.07,,
KARNATAKA,Vijayanagara,,673.1737191831919,39803.67999999999,53.85478473871388,180.63262350000002
KARNATAKA,Vijayapura,,612.0418353459866,95306.69999999998,42.357634870076666,4940.699787
KARNATAKA,Yadgir,,832.9290364695171,53977.25,22.135570793502357,2077.4060775
KERALA,ALAPPUZHA,,0,35712.590000000004,,
KERALA,ERNAKULAM,,0,41464.33,,
KERALA,IDUKKI,,0,20506,,
KERALA,KANNUR,,0,38256.009999999995,,
KERALA,KASARGOD,,0,31237.670000000002,,
KERALA,KOLLAM,,0,32335.720000000005,,
KERALA,KOTTAYAM,,0,38224.579999999994,,
KERALA,KOZHIKKODE,,0,29952.65,,
KERALA,MALAPPURAM,,0,43008.87999999999,,
KERALA,PALAKKAD,,0,55651.81,,
KERALA,PATHANAMTHITTA,,0,23387.339999999997,,
KERALA,THIRUVANANTHAPURAM,,0,25138.069999999996,,
KERALA,THRISSUR,,0,57019.54999999999,,
KERALA,WAYANAD,,0,21516.969999999998,,
LADAKH,KARGIL,,0,1404.78,,
LADAKH,LEH,,0,4662.92,,
LAKSHDWEEP,AMINI,,0,127.5,,
LAKSHDWEEP,ANDROTH,,0,161.91,,
LAKSHDWEEP,KAVARATTI,,0,136.17000000000002,,
LAKSHDWEEP,KILTAN,,0,58.22,,
LAKSHDWEEP,MINICOY,,0,99.09,,
MADHYA PRADESH,AGAR MALWA,,961.8,41140.770000000004,24.18138456663498,98.08572
MADHYA PRADESH,ALIRAJPUR,,0,22888.13,,
MADHYA PRADESH,ANUPPUR,,0,26277.629999999997,,
MADHYA PRADESH,ASHOKNAGAR,,912.6,39099.42,22.27044127190137,89.57976
MADHYA PRADESH,BALAGHAT,,1471.6,71524.88,25.573202838531333,489.53289
MADHYA PRADESH,BARWANI,,715,52968.69,18.094435885613393,610.1778
MADHYA PRADESH,BETUL,,1081.3,99188.8,26.782473719556325,563.65125
MADHYA PRADESH,BHIND,,951,91194.17,15.763250636409404,1281.15876
MADHYA PRADESH,BHOPAL,,0,36703.5,,
MADHYA PRADESH,BURHANPUR,,883.8000000000001,35651.65,17.31066460587326,154.76729999999998
MADHYA PRADESH,CHHATARPUR,,1095.1,84341.63,17.257520010578965,629.2937625
MADHYA PRADESH,CHHINDWARA,,1221.6,82881.36,28.23280853417024,39.26451
MADHYA PRADESH,DAMOH,,1169.3000000000002,38217.72,11.048365501241037,304.98816
MADHYA PRADESH,DATIA,,963.8,46960.13,24.614907960547097,682.5397800000001
MADHYA PRADESH,DEWAS,,1069,83573.56,19.198010218305868,130.47800999999998
MADHYA PRADESH,DHAR,,902.3,130925.45000000001,17.67824274112928,1093.47576
MADHYA PRADESH,DINDORI,,0,30544.25,,
MADHYA PRADESH,GUNA,,1082,86812.52,36.78927198913546,169.57608
MADHYA PRADESH,GWALIOR,,879,78476.98999999999,12.323283665718183,344.1366
MADHYA PRADESH,HARDA,,1374.5,45106.41,7.830445239480639,190.43144999999998
MADHYA PRADESH,HOSHANGABAD,,1437.7,177290.89,9.48537079508966,972.87246
MADHYA PRADESH,INDORE,,924.1999999999998,55666.6,64.95980568973799,153.78399
MADHYA PRADESH,JABALPUR,,1227.3,61273.47,31.85422248827926,463.094115
MADHYA PRADESH,JHABUA,,935.9000000000001,28540.72,13.483660195034588,131.75697
MADHYA PRADESH,KATNI,,1171.3999999999999,40535.48,17.169467045181854,241.92054
MADHYA PRADESH,KHANDWA,,951.6500000000002,113374.18,5.6107016474215285,564.28854
MADHYA PRADESH,KHARGONE,,950.3000000000001,95546.56,12.340676036368235,1284.5620199999998
MADHYA PRADESH,MAIHAR,,1075.5,21175.54,5.593383122374966,55.512119999999996
MADHYA PRADESH,MANDLA,,1445.0745831992274,42970.97,14.244257446382532,347.62307999999996
MADHYA PRADESH,MANDSAUR,,880.9000000000001,67802.42,48.70586423126994,365.64021
MADHYA PRADESH,MAUGANJ,,0,13525.289999999999,,
MADHYA PRADESH,MORENA,,753,74191.34,30.589666335374798,2949.61464
MADHYA PRADESH,NARSINGHPUR,,1243.1000000000004,121230.44,9.105320683950136,107.55309
MADHYA PRADESH,NEEMUCH,,854.8500000000001,37569.799999999996,62.74142477524715,97.62800999999999
MADHYA PRADESH,NIWARI,,978.4,19411.32,35.280373831775705,169.08771
MADHYA PRADESH,PANDHURNA,,1221.6,19002.81,23.11729688941059,43.8
MADHYA PRADESH,PANNA,,1169.7,50374.840000000004,17.53555966051117,212.34020999999998
MADHYA PRADESH,RAISEN,,1154.6000000000004,91585.27,9.928389761499211,263.38473
MADHYA PRADESH,RAJGARH,,0,89904.53000000001,,
MADHYA PRADESH,RATLAM,,953.5,80128.09,15.03794368203842,14.93361
MADHYA PRADESH,REWA,,1143.1,39297.34,52.83455023948764,1205.27964
MADHYA PRADESH,SAGAR,,1141.5,103319.30000000002,18.51399979111875,160.799655
MADHYA PRADESH,SATNA,,1075.5,54129.700000000004,11.866763747040032,319.56042
MADHYA PRADESH,SEHORE,,1217.7,66964.71,20.1349901056346,378.1144499999999
MADHYA PRADESH,SEONI,,1323.6000000000001,66423.48,20.070011668611432,286.64252999999997
MADHYA PRADESH,SHAHDOL,,1080.7,45846.53,11.836162823627609,54.40836
MADHYA PRADESH,SHAJAPUR,,0,53743.98999999999,,
MADHYA PRADESH,SHEOPUR,,799.2,51584.299999999996,9.204123962963477,399.00267
MADHYA PRADESH,SHIVPURI,,994.8999999999999,85050.05,34.80153106442373,338.16008999999997
MADHYA PRADESH,SIDHI,,1131.7,30248.440000000002,10.536920192228903,277.08099
MADHYA PRADESH,SINGRAULI,,960.6,34675.29,37.228333924788416,182.90879999999999
MADHYA PRADESH,TIKAMGARH,,978.4,38347.619999999995,41.80251350279531,256.70523
MADHYA PRADESH,UJJAIN,,0,94842.23,,
MADHYA PRADESH,UMARIA,,0,34556.39,,
MADHYA PRADESH,VIDISHA,,1087.6000000000001,90274.76999999999,16.667012079469508,454.79073
MAHARASHTRA,Ahmednagar,,566.8528895738033,152671.44,80.67409051228678,1631.3825000000006
MAHARASHTRA,Akola,,771.7301625848288,37490.588848730185,49.56921177708415,307.269855
MAHARASHTRA,Amravati,,861.8842210578431,77619.83179981101,58.21205937196247,946.1976099999999
MAHARASHTRA,Aurangabad,,642.6140555974926,113419.71,67.8948625909874,732.3824999999999
MAHARASHTRA,Beed,,703.6892532645091,124511.93999999999,41.18347500092794,951.6524999999999
MAHARASHTRA,Bhandara,,1433.474078685026,87058.5920957789,13.348258839310855,1427.691904471513
MAHARASHTRA,Buldhana,,759.5478084142809,87918.59884886864,53.242819812411355,685.2516350000001
MAHARASHTRA,Chandrapur,,1285.19216688829,110166.20000000001,27.502068908033316,2881.9620000000004
MAHARASHTRA,Dhule,,653.0618287438087,73977.56,47.21031381688914,328.33961999999997
MAHARASHTRA,Gadchiroli,,1212.0054479025525,101387.27089745631,20.809700151564865,509.536
MAHARASHTRA,Gondia,,1463.0552660525484,62122.83,32.508049354971156,3428.456045
MAHARASHTRA,Hingoli,,1003.7873172922909,97987.61,31.76565948990187,769.3899999999999
MAHARASHTRA,Jalgaon,,673.453349093303,136342.26,72.83161116957248,1281.8404999999998
MAHARASHTRA,Jalna,,857.3672716514204,92823.52,37.327104545741896,150.11732
MAHARASHTRA,Kolhapur,,1643.8254565030031,127744.84999999999,23.599338337173897,82.08
MAHARASHTRA,Latur,,694.1213961356958,69755.94,71.76172932368446,352.1732
MAHARASHTRA,Mumbai,,0,1477.65,,
MAHARASHTRA,Mumbai Sub,,0,7263.5599999999995,,
MAHARASHTRA,Nagpur,,1177.7682616206307,140292.86707868567,36.877172304048734,3969.9361824353778
MAHARASHTRA,Nanded,,1008.6439597396295,118656.71999999999,47.197866660997605,1156.7549832
MAHARASHTRA,Nandurbar,,852.4362915220624,49375.12558558558,44.15990908721944,821.998425
MAHARASHTRA,Nashik,,744.0554844143883,190044.61,47.81628642906483,807.00604
MAHARASHTRA,Osmanabad,,771.4737284134675,85456.81,76.76364036431931,344.08799999999997
MAHARASHTRA,Palghar,,2196.0084793064875,20916.800000000003,20.58962822637935,145.96491
MAHARASHTRA,Parbhani,,883.6224025630289,82219.00999999998,41.76492836453158,847.1399999999999
MAHARASHTRA,Pune,,534.2110092254063,182653.14421698058,63.173071304551065,2847.1982000000003
MAHARASHTRA,Raigad,,2880.1726827514053,35244.12,7.799871712636305,114.27021000000002
MAHARASHTRA,Ratnagiri,,3583.672338722587,39046.48,26.382541760403843,81.77157
MAHARASHTRA,Sangli,,595.8872956041465,132751.2586600668,50.57838264932365,1714.1288190141943
MAHARASHTRA,Satara,,1166.027901736612,113514.24,44.07568514235391,1191.1439999999998
MAHARASHTRA,Sindhudurg,,3528.2304632480445,22292.25,59.804989553011765,63.772800000000004
MAHARASHTRA,Solapur,,640.5842047585738,140354.46,73.62192989640249,1127.93188
MAHARASHTRA,Thane,,2606.9316306108835,16319.27,6.728022540484152,49.41151000000001
MAHARASHTRA,Wardha,,953.339501685217,89027.95000000001,42.47362107472911,1161.77339
MAHARASHTRA,Washim,,904.9859016677581,60105.40999999999,32.49906607650248,648.471961
MAHARASHTRA,Yawatmal,,997.3505881155984,119403.42999999998,34.41952577987378,1607.5218559999998
MANIPUR,BISHNUPUR,,0,198794.26,,
MANIPUR,CHANDEL,,0,0,,
MANIPUR,CHURACHANPUR,,0,160059.12,,
MANIPUR,IMPHAL EAST,,0,189963.25,,
MANIPUR,IMPHAL WEST,,0,196430.7,,
MANIPUR,SENAPATI,,0,0,,
MANIPUR,TAMENGLONG,,0,0,,
MANIPUR,THOUBAL,,0,226573.32,,
MANIPUR,UKHRUL,,0,0,,
MEGHALAYA,EAST GARO HILLS,,0,34857.44,,
MEGHALAYA,EAST JAINTIA HILLS,,0,36707.81,,
MEGHALAYA,EAST KHASI HILLS,,0,36997.869999999995,,
MEGHALAYA,NORTH GARO HILLS,,0,45570.84,,
MEGHALAYA,RI BHOI,,0,15950.79,,
MEGHALAYA,SOUTH GARO HILLS,,0,52651.55,,
MEGHALAYA,SOUTH WEST GARO HILLS,,0,56426.95,,
MEGHALAYA,SOUTH WEST KHASI HILLS,,0,22607.199999999997,,
MEGHALAYA,WEST GARO HILLS,,0,107246.45,,
MEGHALAYA,WEST JAINTIA HILLS,,0,23710.97,,
MEGHALAYA,WEST KHASI HILLS,,0,48875.25,,
MIZORAM,AIZAWL,,0,1370.81,,
MIZORAM,CHAMPHAI,,0,1423.64,,
MIZORAM,KOLASIB,,0,2498.83,,
MIZORAM,LAWNGTLAI,,0,3039.6400000000003,,
MIZORAM,LUNGLEI,,0,4447.04,,
MIZORAM,MAMIT,,0,4658.72,,
MIZORAM,SAIHA,,0,695.46,,
MIZORAM,SERCHHIP,,0,820.47,,
NAGALAND,Dimapur,,0,218279.07,,
NAGALAND,Kiphire,,0,522.15,,
NAGALAND,Kohima,,0,2773.3,,
NAGALAND,Longleng,,0,1389.8000000000002,,
NAGALAND,Mokokchung,,0,5620.299999999999,,
NAGALAND,Mon,,0,3987.3599999999997,,
NAGALAND,Peren,,0,4053.17,,
NAGALAND,Phek,,0,1063.27,,
NAGALAND,Tuensang,,0,1308.25,,
NAGALAND,Wokha,,0,6870.44,,
NAGALAND,Zunheboto,,0,1706.45,,
ODISHA,ANGUL,,1120.1887474901337,54664.45999999999,55.3945115890603,119.28272999999999
ODISHA,BALASORE,,1752.1646310752958,132164.16,26.066742749411503,616.29036375
ODISHA,BARGARH,,1227.8290547111687,62297.81999999999,26.14361724203763,535.9214699999999
ODISHA,BHADRAK,,1421.1224571903783,54399.13,54.60335925662624,1972.22243975
ODISHA,BOLANGIR,,1363.9746749507503,56413.43,48.97825998286903,58.481395
ODISHA,BOUDH,,1225.09382053258,23513.27,28.267976078746088,413.91073
ODISHA,CUTTACK,,1538.1919325860817,69962.19,43.88876769487666,1491.473585
ODISHA,DEOGARH,,1314.546541583629,29872.78,28.798678404276412,56.4534915
ODISHA,DHENKANAL,,1408.3531021566403,44585.69,28.787674019982525,838.37215
ODISHA,GAJAPATI,,1182.26,20130.529999999995,44.243877631953424,213.5446005
ODISHA,GANJAM,,1279.5041167747165,94984.40999999999,40.2404125067064,4327.44876
ODISHA,JAGATSINGHPUR,,1399.6060232464638,46098.11,51.44086756466505,1228.4561362499999
ODISHA,JAJPUR,,1526.0570833333334,52553.380000000005,61.22181195965417,749.40841875
ODISHA,JHARSUGUDA,,0,19094.1,,
ODISHA,KALAHANDI,,1416.454340243163,61810.649999999994,24.512806048121515,1194.5064825
ODISHA,KANDHAMAL,,1338.2534981500169,33918.030000000006,39.0915205842382,10.945619999999998
ODISHA,KENDRAPARA,,1567.0347654306706,16442.29,61.9058229352347,699.85127375
ODISHA,KEONJHAR,,1304.0540574445617,84166.31000000001,44.559639801639335,286.34396000000004
ODISHA,KHURDA,,1413.667458686914,43154.49,43.451730805079926,1028.6150775
ODISHA,KORAPUT,,1612.9389331925006,51538.16,21.807924374057748,588.5533202500001
ODISHA,MALKANGIRI,,1348.5314086733927,33788.51,15.407074482813176,214.15499
ODISHA,MAYURBHANJ,,1601.7830410234237,135783.66999999998,29.8546720190262,329.991025
ODISHA,NABARANGAPUR,,1405.76,54268.869999999995,26.926722231476642,200.30670750000002
ODISHA,NAYAGARH,,1360.8275686122922,35442.409999999996,44.314082784922455,488.35923249999996
ODISHA,NUAPADA,,1088.5506007687718,30772.510000000002,55.499190797955514,375.45798
ODISHA,PURI,,1556.0100956295817,60539.93999999999,46.925535020155436,3190.3138900000004
ODISHA,RAYAGADA,,1190.6238767650837,32194.40000000001,36.020626237672296,57.574369999999995
ODISHA,SAMBALPUR,,1453.123923325685,60178.39,16.153507272385742,387.6520825
ODISHA,SUBARNAPUR,,1284.5654554728862,25818.64,30.739016766554123,740.0880525
ODISHA,SUNDARGARH,,1191.1894365616236,81752.38,39.7122417132006,63.63227499999999
PUDUCHERRY,KARAIKAL,,0,3981.6000000000004,,
PUDUCHERRY,PUDUCHERRY,,0,13458.02,,
PUNJAB,Amritsar,,646.2683642205948,124711.65,160.3250217601964,9661.171859999999
PUNJAB,Barnala,,518.5023357368447,48893.01,219.35503664020683,2521.7484999999997
PUNJAB,Bathinda,,377.01667623566084,123264.31,128.03805902941411,2487.948989
PUNJAB,Faridkot,,398.3429039499004,43046.68,119.21539593761936,966.4981
PUNJAB,Fatehgarh Sahib,,685.0991369500902,35756.99,182.13325562358577,2536.62225
PUNJAB,Fazilka,,365.56864598855225,66186.62999999999,65.18104940529528,1861.037034
PUNJAB,Firozpur,,431.20032661671024,125528.76,108.86107693567592,3489.3342999999995
PUNJAB,Gurdaspur,,819.7245864014536,136765.78999999998,121.13595804915835,7088.2927
PUNJAB,Hoshiarpur,,840.1326828370504,80412.82999999999,131.88138816649052,6693.676599999999
PUNJAB,Jalandhar,,625.0923083357732,86196.68999999999,281.16988018913486,16251.806405
PUNJAB,Kapurthala,,620.4522854950116,56633.74,242.95804938893312,3457.9443
PUNJAB,Ludhiana,,581.0825404960684,123365.40000000001,194.6548627086687,20180.496315
PUNJAB,Malerkotla,,570.2195923734386,19433.77,301.93235795216265,2003.2039499999998
PUNJAB,Mansa,,404.58046688211215,71848.03,108.70935500945538,283.99737500000003
PUNJAB,Moga,,454.25174812636715,70072.85999999999,233.08537713459964,2761.2631425
PUNJAB,Muktsar,,393.94236724023654,96264.14,27.812724447546096,0
PUNJAB,Pathankot,,1156.9724070850825,43294.200000000004,42.72969695570934,2853.0845499999996
PUNJAB,Patiala,,667.659325991669,90645.7,208.53338878733356,8002.526449999999
PUNJAB,Rupnagar,,839.7394535535004,39343.06,92.96519187020937,2889.8948
PUNJAB,SAS Nagar,,743.7044887455573,20385.37,116.90980349063271,4170.4535
PUNJAB,SBS Nagar,,760.162514509149,49073.41,118.53272592981148,2598.1466499999997
PUNJAB,Sangrur,,495.8245356827947,63227.66,309.9875908739941,4993.12335
PUNJAB,Tarn Taran,,544.853681228937,65592.76000000001,202.48745440807795,4736.8459
RAJASTHAN,AJMER,,0,33580.909999999996,,
RAJASTHAN,ALWAR,,0,70488.78,,
RAJASTHAN,BANSWARA,,945.190179107543,20902.62,59.91410909424134,1313.411305177112
RAJASTHAN,BARAN,,924.7450481503162,58400.26,100.70525241924373,1950.51
RAJASTHAN,BARMER,,0,34883.490000000005,,
RAJASTHAN,BHARATPUR,,0,38315.32000000001,,
RAJASTHAN,BHILWARA,,639.0577666302703,40782.469999999994,108.15428120904018,375.8132
RAJASTHAN,BIKANER,,323.8486258083154,28195.15,0.7043338542469131,12.8
RAJASTHAN,BUNDI,,729.4783831822258,32730.29,60.38044176543471,1028.112643365953
RAJASTHAN,CHITTAURGARH,,783.431757388058,31318.37,157.67515110001935,388.7663
RAJASTHAN,CHURU,,0,15541.57,,
RAJASTHAN,DAUSA,,0,25184.079999999998,,
RAJASTHAN,DHAULPUR,,763.72,25806.56,212.44773535208412,381.90999999999997
RAJASTHAN,DUNGARPUR,,805.9332344164455,20426.969999999998,50.58951439118234,96.36595200000001
RAJASTHAN,GANGANAGAR,,261.20901639778185,43292.97,40.37244384018931,43.715
RAJASTHAN,HANUMANGARH,,311.02575854517016,20579.010000000002,65.35183179365771,1589.6999999999998
RAJASTHAN,JAIPUR,,0,71377.75999999998,,
RAJASTHAN,JAISALMER,,0,9614.27,,
RAJASTHAN,JALOR,,455.9,44656.19,105.39275585830417,236.28000000000003
RAJASTHAN,JHALAWAR,,965.1211452810179,53536.009999999995,116.413236701764,1037.3354924969212
RAJASTHAN,JHUNJHUNU,,0,22436.15,,
RAJASTHAN,JODHPUR,,0,38078.5,,
RAJASTHAN,KARAULI,,711.1176194194534,32693,172.46248669712534,416.4930636467856
RAJASTHAN,KOTA,,794.5112730739716,47218.69,88.70844768103227,5053.653
RAJASTHAN,NAGAUR,,0,58659.2,,
RAJASTHAN,PALI,,616.11,31589.37,43.32858870983129,110.16
RAJASTHAN,PRATAPGARH,,874.75,21103.489999999998,98.46739008837677,139.13
RAJASTHAN,RAJSAMAND,,644.9358824900909,11259.85,78.42390241599968,250.98033971221997
RAJASTHAN,SAWAI MADHOPUR,,683.8772563269832,41732.38,170.5547831745844,1326.7883760683762
RAJASTHAN,SIKAR,,0,34927.43,,
RAJASTHAN,SIROHI,,0,27912.109999999997,,
RAJASTHAN,TONK,,647.2190751227948,44994.369999999995,86.52452635634322,5457.9856632932715
RAJASTHAN,UDAIPUR,,718.8714842561498,29950.690000000002,79.27716283062023,382.57399999999996
SIKKIM,Gangtok,,0,6134.97,,
SIKKIM,Gyalsingh,,0,3412.42,,
SIKKIM,Mangan,,0,3344.9400000000005,,
SIKKIM,Namchi,,0,3191.38,,
SIKKIM,Pakyong,,0,4520.53,,
SIKKIM,Soreng,,0,1143.8700000000001,,
TAMILNADU,ARIYALUR,,0,37340.9,,
TAMILNADU,CHENGALPATTU,,0,62841.99,,
TAMILNADU,CHENNAI,,0,8917.300000000001,,
TAMILNADU,COIMBATORE,,1027.5903287849721,201247.13,0,0
TAMILNADU,CUDDALORE,,0,106943.73,,
TAMILNADU,DHARMAPURI,,0,47941.740000000005,,
TAMILNADU,DINDIGUL,,0,53634.62,,
TAMILNADU,ERODE,,0,82174.7,,
TAMILNADU,KALLAKURICHCHI,,0,59018.77,,
TAMILNADU,KANCHEEPURAM,,0,53542.69,,
TAMILNADU,KANNIYAKUMARI,,0,109259.9,,
TAMILNADU,KARUR,,0,29198.92,,
TAMILNADU,KRISHNAGIRI,,0,4860191.999999999,,
TAMILNADU,MADURAI,,0,70769.07,,
TAMILNADU,MAYILADUTHURAI,,0,40917.939999999995,,
TAMILNADU,NAGAPATTINAM,,0,0,,
TAMILNADU,NAMAKKAL,,0,52433.659999999996,,
TAMILNADU,PERAMBALUR,,0,25995.4,,
TAMILNADU,PUDUKKOTTAI,,0,96204.70000000001,,
TAMILNADU,RAMANATHAPURAM,,0,54850.47,,
TAMILNADU,RANIPET,,0,30121.799999999996,,
TAMILNADU,SALEM,,0,47530.82,,
TAMILNADU,SIVAGANGAI,,0,70428.15000000001,,
TAMILNADU,TENKASI,,0,119169.39000000003,,
TAMILNADU,THANJAVUR,,0,104570.81,,
TAMILNADU,THE NILGIRIS,,0,7165.959999999999,,
TAMILNADU,THENI,,0,26976.5,,
TAMILNADU,THIRUVARUR,,0,47989.63,,
TAMILNADU,THOOTHUKUDI,,0,77503.52,,
TAMILNADU,TIRUCHIRAPPALLI,,0,64242.73,,
TAMILNADU,TIRUNELVELI,,0,164507.69,,
TAMILNADU,TIRUPATHUR,,0,9712.900000000001,,
TAMILNADU,TIRUPPUR,,0,276468.65,,
TAMILNADU,TIRUVALLUR,,0,75245.28000000001,,
TAMILNADU,TIRUVANNAMALAI,,0,2300428.2,,
TAMILNADU,VELLORE,,0,18174.31,,
TAMILNADU,VILLUPURAM,,0,94473.26,,
TAMILNADU,VIRUDHUNAGAR,,0,52189.79000000001,,
TELANGANA,Adilabad,,1435.703677703567,51101.37,22.5232424820229,159.70338750000002
TELANGANA,Bhadradri Kothagudem,,1340.7965876690587,104138.46090759756,13.31494216610141,743.34672
TELANGANA,Hanumakonda,,1050.4379932118377,48632.84,55.478436960559584,724.476
TELANGANA,Hyderabad,,0,77993.98000000001,,
TELANGANA,Jagtial,,1021.4167545865351,70069.87,31.684193985328456,213.73938
TELANGANA,Jangaon,,871.0771054792908,37699.348415927125,48.670692990723744,548.90292
TELANGANA,Jayashankar Bhupalapally,,1035.3253407056059,47323.97806890694,39.26932865519313,607.81566
TELANGANA,Jogulamba Gadwal,,582.9666561808093,59780.749999999985,23.22220145431573,278.8125150000001
TELANGANA,Kamareddy,,1030.5008726843498,207920.46999999997,37.711385099009256,217.46375999999998
TELANGANA,Karimnagar,,904.915181021134,84854.86696202532,27.397192227144746,1977.7799999999997
TELANGANA,Khammam,,1025.5688346133527,106946.66999999998,30.41091217986481,2001.39744
TELANGANA,Komarambheem Asifabad,,1082.9687845303865,58669.29068315508,14.278805613710524,99.74389
TELANGANA,Mahabubabad,,1539.362139791423,64250.08,56.120612586498986,1060.6531
TELANGANA,Mahabubnagar,,0,33058.32000000001,,
TELANGANA,Mancherial,,1114.6322221624878,92140.33727726944,32.06287419422713,71.04140999999998
TELANGANA,Medak,,809.4839814358876,49497.29999999999,41.61260409200737,287.85599999999994
TELANGANA,Medchal Malkajgiri,,0,225306.59000000003,,
TELANGANA,Mulug,,1254.2920605598551,54655.46392975947,24.642637862932325,151.50959999999998
TELANGANA,Nagarkurnool,,637.5925471107819,332294.37,31.456938657738682,706.8232866249998
TELANGANA,Nalgonda,,716.4971911918464,506083.37,39.097820261409744,3914.6299999999997
TELANGANA,Narayanpet,,583.3002877592284,31424.00650347245,22.813930606775735,5.16
TELANGANA,Nirmal,,1062.6252392540305,69236.45999999999,25.196338823296188,242.89368
TELANGANA,Nizamabad,,980.8232323192343,457169.27386857633,46.151815855412586,994.6000000000001
TELANGANA,Peddapalle,,994.6691025003223,58588.749999999985,41.26582782036542,866.0958799999999
TELANGANA,Rajanna Siricilla,,0,41408.380000000005,,
TELANGANA,Rangareddy,,0,621616.0599999999,,
TELANGANA,Sangareddy,,851.5,41876.94,4.8673576143042165,7.3095680000000005
TELANGANA,Siddipet,,0,159821.75,,
TELANGANA,Suryapet,,770.572921598227,361314.92094883684,20.073371108811582,1329.4934999999998
TELANGANA,Vikarabad,,0,188935.25999999998,,
TELANGANA,Wanaparthy,,632.141814015063,160813.36310910012,22.00118492377688,139.461897125
TELANGANA,Warangal,,1023.0536537996294,50778.89,56.14630497677282,780.2541300700002
TELANGANA,Yadadri Bhuvanagiri,,755.0283061111952,346473.2218787159,41.46969009621439,26.604
TRIPURA,DHALAI,,0,147874.36,,
TRIPURA,GOMATI,,0,162954.57,,
TRIPURA,KHOWAI,,0,74675.54000000001,,
TRIPURA,NORTH TRIPURA,,0,81383.21,,
TRIPURA,SEPAHIJALA,,0,133858.76,,
TRIPURA,SOUTH TRIPURA,,0,148861.44,,
TRIPURA,UNAKOTI,,0,61812.23,,
TRIPURA,WEST TRIPURA,,0,116228.64,,
UTTAR PRADESH,AGRA,,614.65,85942.73999999999,111.01436149786414,7123.417379999999
UTTAR PRADESH,ALIGARH,,667.4699999999999,92580.13999999998,80.24882010331808,12058.9861065
UTTAR PRADESH,AMBEDKAR NAGAR,,1013.3,72529.07999999999,63.05763150449448,6484.45422
UTTAR PRADESH,AMETHI,,853,80774.72,65.87827231094086,5084.260200000001
UTTAR PRADESH,AMROHA,,902.5899999999999,49625.42,93.07520218468679,4977.62691
UTTAR PRADESH,AURAIYA,,624.88,61641.22,63.006410320885934,2980.0797299999995
UTTAR PRADESH,AYODHYA,,952.71,85522.8,61.946884339614684,7402.04889
UTTAR PRADESH,AZAMGARH,,900.2599999999999,126528.40000000001,59.220483306514595,14095.245149999999
UTTAR PRADESH,BAGPAT,,674.76,32081.15,95.90940474390727,2562.4314
UTTAR PRADESH,BAHRAICH,,1158.8,144373.29,58.38527334245828,10034.415749999998
UTTAR PRADESH,BALLIA,,922.03,86175.46999999999,61.96041634585807,8410.445339999998
UTTAR PRADESH,BALRAMPUR,,1065.2,100110.51000000001,54.95992378822163,6399.44061
UTTAR PRADESH,BANDA,,943.2,66271.54,66.92409743307611,4096.016568
UTTAR PRADESH,BARABANKI,,978.3900000000001,190876.19999999998,62.15684826080988,9272.71185
UTTAR PRADESH,BAREILLY,,877.8599999999999,109695.62000000001,71.63837535172325,13745.396345624999
UTTAR PRADESH,BASTI,,1110.7800000000002,76066.16,64.73656616818832,6665.37012
UTTAR PRADESH,BIJNOR,,1053.5,137113.52,69.41612322402635,8116.6656
UTTAR PRADESH,BUDAUN,,784.54,74009.11,79.3903210023739,8050.3660875
UTTAR PRADESH,BULANDSHAHAR,,673.1300000000002,147761.22,93.1383214080122,6282.420332499999
UTTAR PRADESH,CHANDAULI,,949.0600000000001,51566.600000000006,60.42374327568618,4760.39643
UTTAR PRADESH,CHITRAKOOT,,943.2,39296.43,81.16961260857538,2683.1310599999997
UTTAR PRADESH,DEORIA,,1019.3799999999999,132028.47999999998,63.03225637377633,6691.10189
UTTAR PRADESH,ETAH,,658.23,79836.9,71.1692588264324,4726.97484
UTTAR PRADESH,ETAWAH,,587.4799999999999,65899.89,53.07163638664647,3330.71844
UTTAR PRADESH,FARRUKHABAD,,753.48,46069.36,74.40455000894303,4100.35233
UTTAR PRADESH,FATEHPUR,,746.9,109693.65,71.86424191372976,7601.6214
UTTAR PRADESH,FIROZABAD,,656.9199999999998,78955.12999999999,98.85632510515782,6921.113939999999
UTTAR PRADESH,G.B.NAGAR,,537.1600000000001,46373.89,105.20721897602294,1564.8907799999997
UTTAR PRADESH,GHAZIABAD,,729.8299999999999,37947.69,123.7508528187091,7333.169119499999
UTTAR PRADESH,GHAZIPUR,,853.7699999999999,95066.39,61.0522604255826,7121.35002
UTTAR PRADESH,GONDA,,1047,117614.42999999998,61.03490022440275,10125.29199
UTTAR PRADESH,GORAKHPUR,,1338.3,165518.28999999998,62.881950991639656,9665.22993
UTTAR PRADESH,HAMIRPUR,,735.88,41669.659999999996,66.05883033362885,2232.9699899999996
UTTAR PRADESH,HAPUR,,788.3200000000002,47504.82,93.92602687474661,3.47991
UTTAR PRADESH,HARDOI,,816.35,165087.04,61.54504920555849,8876.99418
UTTAR PRADESH,HATHRAS,,618.98,66556.11,91.46224140803903,4266.04116
UTTAR PRADESH,JALAUN,,687.1999999999999,94786.96999999999,56.881605140453395,4418.53962
UTTAR PRADESH,JAUNPUR,,901.7200000000001,122753.44,70.25438961221778,14020.857419999997
UTTAR PRADESH,JHANSI,,764.9900000000001,66830.74,66.10507380286377,3295.7791799999995
UTTAR PRADESH,KANNAUJ,,714.62,57680.479999999996,79.12234780293092,4533.35694
UTTAR PRADESH,KANPUR DEHAT,,726.509884072565,77374.53,71.3457387075566,4132.28034
UTTAR PRADESH,KANPUR NAGAR,,709.6,81068.99,78.58528890023177,8151.618525599999
UTTAR PRADESH,KASGANJ,,724.77,67626.4,69.40845586930548,4142.41566
UTTAR PRADESH,KAUSHAMBI,,846.45,46578.39,81.11531978670797,4723.076639999999
UTTAR PRADESH,KUSHI NAGAR,,1112,163725.96999999997,51.386765337227814,8967.75873
UTTAR PRADESH,LAKHIMPUR KHERI,,1130,215721.94,60.98293479096285,12696.37608
UTTAR PRADESH,LALITPUR,,909.89,37797.649999999994,83.02542618390298,3588.9588599999997
UTTAR PRADESH,LUCKNOW,,879.83,70463.26,62.05194254400859,4775.40669
UTTAR PRADESH,MAHOBA,,809.7,28825.19,88.79115801144764,1186.215471
UTTAR PRADESH,MAHRAJGANJ,,1389.1,97903.64,64.13013857298871,7359.624209999999
UTTAR PRADESH,MAINPURI,,659.74,84849.26999999999,72.65341233931655,5107.50486
UTTAR PRADESH,MATHURA,,556.8900000000001,124992.54000000001,70.9400497021662,6713.80197
UTTAR PRADESH,MAUNATH BHANJAN,,897.3000000000001,45957.75000000001,64.73937475181008,6639.6770400000005
UTTAR PRADESH,MEERUT,,856.8899999999999,80421.9,78.88634812159376,9728.642474999999
UTTAR PRADESH,MIRZAPUR,,973.1000000000001,55752,63.03840220978619,7034.106989999998
UTTAR PRADESH,MORADABAD,,902.59,64036.11,86.31166071767944,10462.105686249999
UTTAR PRADESH,MUZAFFARNAGAR,,869.0999999999999,101944.23000000001,79.67734907605853,6855.638597499999
UTTAR PRADESH,PILIBHIT,,1201.2699999999998,98513.11,62.3486965338928,5581.02447
UTTAR PRADESH,PRATAPGARH,,837.75,130448.04999999999,76.36134077895377,8449.22805
UTTAR PRADESH,PRAYAGRAJ,,843.0900000000001,129118.65,73.37427242307756,17553.702610252498
UTTAR PRADESH,RAIBARELI,,748.3,116451.13,59.46356209682122,7352.77608
UTTAR PRADESH,RAMPUR,,1051.6100000000001,75304.73,70.52647290548683,5368.031639999999
UTTAR PRADESH,SAHARANPUR,,1102.65,134849.63999999998,96.68241605984265,7484.452020000001
UTTAR PRADESH,SAMBHAL,,784.5400000000001,44596.7,86.50012220635159,5953.1448900000005
UTTAR PRADESH,SANT KABIR NAGAR,,1253.9200000000003,48668.81,60.554778306681435,4463.990879999999
UTTAR PRADESH,SANT RAVIDAS NAGAR,,949.6,79248.39,74.6068784488871,3566.20257
UTTAR PRADESH,SHAHJAHANPUR,,898.18,121135.38,61.96610767225891,8695.807815000002
UTTAR PRADESH,SHAMLI,,869.0999999999999,43931.990000000005,100.50926443350276,3049.94073
UTTAR PRADESH,SHRAWASTI,,1184.5100000000002,53770.9,58.42186015112264,3382.83825
UTTAR PRADESH,SIDDHARTH NAGAR,,1158.57,87618.99,63.88775994792909,7657.9438199999995
UTTAR PRADESH,SITAPUR,,991.2599999999999,191490.37999999995,58.07070830398898,11680.474499999998
UTTAR PRADESH,SONBHADRA,,973.0899999999999,54228.490000000005,49.21923881708674,4485.021449999999
UTTAR PRADESH,SULTANPUR,,887.59,86077.21999999999,62.25943402911944,6364.56924
UTTAR PRADESH,UNNAO,,765.6800000000002,160946.83,61.40380646204713,8939.06973
UTTAR PRADESH,VARANASI,,925.7799999999999,47536.97,89.24925168768645,10780.274805820001
UTTARAKHAND,DEHRADUN,,2183.6000000000004,51009.32,40.05346473938488,8006.9398135
UTTARAKHAND,HARIDWAR,,1019.9999999999999,43422.85,65.637285438427,2549.595315
UTTARAKHAND,NAINITAL,,1711,26011.239999999998,54.22744167521426,4004.0104420000002
UTTARAKHAND,UDHAMSINGH NAGAR,,1465.3000000000002,74756.36,56.45896884224968,3227.2071000000005
WEST BENGAL,ALIPURDUAR,,0,2926033.3099999996,,
WEST BENGAL,BANKURA,,1330.8999999999999,949984.28,28.169048179051615,2542.8523619999996
WEST BENGAL,BIRBHUM,,1392.8,533770.69,32.94218378875221,7072.949705999999
WEST BENGAL,DAKSHIN DINAJPUR,,0,685757.5,,
WEST BENGAL,DARJILING,,3118.5,684303.9299999999,1.0055187808277655,19.547064
WEST BENGAL,HAORA,,1600,196943.91000000003,1.198728251718453,57.94521
WEST BENGAL,HUGLI,,1476.1,997834.1499999999,43.10414095967276,4738.915596
WEST BENGAL,JALPAIGURI,,3468.3000000000006,5136524.67,1.7866996827828199,166.09616999999997
WEST BENGAL,JHARGRAM,,1535.5,523510.14,21.377006135112495,1470.1583879999998
WEST BENGAL,KALIMPONG,,0,117813.32,,
WEST BENGAL,KOCH BIHAR,,0,5397047.29,,
WEST BENGAL,KOLKATTA,,0,0,,
WEST BENGAL,MALDA,,0,1995211.8099999998,,
WEST BENGAL,MURSHIDABAD,,1433.2000000000003,1460922.09,48.79407967314444,3544.9529999999995
WEST BENGAL,NADIA,,0,2731073.3,,
WEST BENGAL,NORTH 24 PARGANAS,,0,1486161.7000000004,,
WEST BENGAL,PASCHIM BARDDHAMAN,,1348.2,311219.8,3.455977204027802,35.90943
WEST BENGAL,PASCHIM MEDINIPUR,,1535.5,1442132,33.37491769686403,2268.582894
WEST BENGAL,PURBA BARDDHAMAN,,1348.1999999999998,1339516.3499999999,48.079190321886244,8502.466511999999
WEST BENGAL,PURBA MEDINIPUR,,0,402648.15,,
WEST BENGAL,PURULIYA,,0,185916.94000000003,,
WEST BENGAL,SOUTH 24 PARGANAS,,0,0,,
WEST BENGAL,UTTAR DINAJPUR,,1922.3,2493443.3400000003,9.17230934584005,469.36956
